<annotation>
	<folder>train</folder>
	<filename>IMG-20250603-WA0140.jpg</filename>
	<path>C:\object_detection\py_T0R\datasets\face_worker\images\train\IMG-20250603-WA0140.jpg</path>
	<source>
		<database>Unknown</database>
	</source>
	<size>
		<width>960</width>
		<height>1280</height>
		<depth>3</depth>
	</size>
	<segmented>0</segmented>
	<object>
		<name>abhi</name>
		<pose>Unspecified</pose>
		<truncated>0</truncated>
		<difficult>0</difficult>
		<bndbox>
			<xmin>374</xmin>
			<ymin>419</ymin>
			<xmax>582</xmax>
			<ymax>708</ymax>
		</bndbox>
	</object>
</annotation>
